[{"_allAttributes":null,"_properties":null,"_methods":null,"file":"/Users/chichamo/Projects/Trailhead/ProductCard/force-app/main/default/lwc/productCard/productCard.js","metadata":{"decorators":[],"declarationLoc":{"start":{"line":3,"column":0},"end":{"line":8,"column":1}},"classMembers":[{"type":"property","name":"greeting","loc":{"start":{"line":4,"column":4},"end":{"line":4,"column":23}}},{"type":"method","name":"changeHandler","loc":{"start":{"line":5,"column":4},"end":{"line":7,"column":3}}}],"exports":[{"type":"ExportDefaultDeclaration"}]},"updatedAt":"2023-05-22T15:13:39.968Z"}]